field,raw_missing,clean_missing,raw_missing_pct,clean_missing_pct
timestamp,2043,1867,5.099213777611381,5.170169754368475
value,3831,3442,9.56196181205541,9.531721636066573
